<?xml version="1.0" encoding="UTF-8"?>
<project-private xmlns="http://www.netbeans.org/ns/project-private/1">
    <editor-bookmarks xmlns="http://www.netbeans.org/ns/editor-bookmarks/2" lastBookmarkId="0"/>
    <open-files xmlns="http://www.netbeans.org/ns/projectui-open-files/2">
        <group>
            <file>file:/C:/Documents%20and%20Settings/studente.MAT15/Documenti/NetBeansProjects/TPSIT_4/Corsa/src/corsa/TODO.txt</file>
            <file>file:/C:/Documents%20and%20Settings/studente.MAT15/Documenti/NetBeansProjects/TPSIT_4/Corsa/src/corsa/Atleta.java</file>
            <file>file:/C:/Documents%20and%20Settings/studente.MAT15/Documenti/NetBeansProjects/TPSIT_4/Corsa/src/corsa/Pista.java</file>
            <file>file:/C:/Documents%20and%20Settings/studente.MAT15/Documenti/NetBeansProjects/TPSIT_4/Corsa/src/corsa/Corsa.java</file>
            <file>file:/C:/Documents%20and%20Settings/studente.MAT15/Documenti/NetBeansProjects/TPSIT_4/Corsa/src/corsa/Giudice.java</file>
        </group>
    </open-files>
</project-private>
